/* GENRE DATA ( Pushed ) */

INSERT INTO genre
    VALUES ('DRA',
           'Drama',
           'Lets cry');

INSERT INTO genre
    VALUES ('ACT',
           'Action',
           'A lot of guns');

INSERT INTO genre
    VALUES ('COM',
           'Comedy',
           'Laughing time');

INSERT INTO genre
    VALUES ('FAM',
           'Family',
           'OK for kids');

INSERT INTO genre
    VALUES ('ANI',
           'Animation',
           '');

INSERT INTO genre
    VALUES ('HIS',
           'History',
           '');

INSERT INTO genre
    VALUES ('ADV',
           'Adventure',
           '');

/* JT_GENRE_MOVIE_DATA ( Pushed ) */

INSERT INTO jt_genre_movie
    Values('ACT',
           '101');

INSERT INTO jt_genre_movie
    Values('COM',
           '101');

INSERT INTO jt_genre_movie
    Values('DRA',
           '102');

INSERT INTO jt_genre_movie
    Values('HIS',
           '102');

INSERT INTO jt_genre_movie
    Values('COM',
           '103');

INSERT INTO jt_genre_movie
    Values('FAM',
           '103');

INSERT INTO jt_genre_movie
    Values('ANI',
           '103');

INSERT INTO jt_genre_movie
    Values('COM',
           '104');

INSERT INTO jt_genre_movie
    Values('FAM',
           '104');

INSERT INTO jt_genre_movie
    Values('ANI',
           '104');

INSERT INTO jt_genre_movie
    Values('COM',
           '111');

INSERT INTO jt_genre_movie
    Values('FAM',
           '111');

INSERT INTO jt_genre_movie
    Values('ANI',
           '111');

INSERT INTO jt_genre_movie
    Values('ACT',
           '105');

INSERT INTO jt_genre_movie
    Values('ACT',
           '106');

INSERT INTO jt_genre_movie
    Values('ACT',
           '107');

INSERT INTO jt_genre_movie
    Values('ADV',
           '107');

INSERT INTO jt_genre_movie
    Values('COM',
           '108');

INSERT INTO jt_genre_movie
    Values('COM',
           '109');

INSERT INTO jt_genre_movie
    Values('COM',
           '110');

INSERT INTO jt_genre_movie
    Values('FAM',
           '110');

/* JT_MOVIE_MEMBER DATA ( Pushed ) */

INSERT INTO jt_movie_member
    Values('101',
           '10123');

INSERT INTO jt_movie_member
    Values('101',
           '10124');

INSERT INTO jt_movie_member
    Values('101',
           '10125');

INSERT INTO jt_movie_member
    Values('101',
           '10126');

INSERT INTO jt_movie_member
    Values('102',
           '10127');

INSERT INTO jt_movie_member
    Values('102',
           '10128');

INSERT INTO jt_movie_member
    Values('102',
           '10129');

INSERT INTO jt_movie_member
    Values('102',
           '10130');

INSERT INTO jt_movie_member
    Values('103',
           '10131');

INSERT INTO jt_movie_member
    Values('103',
           '10132');

INSERT INTO jt_movie_member
    Values('103',
           '10133');

INSERT INTO jt_movie_member
    Values('104',
           '10135');

INSERT INTO jt_movie_member
    Values('104',
           '10136');

INSERT INTO jt_movie_member
    Values('104',
           '10137');

INSERT INTO jt_movie_member
    Values('104',
           '10134');

INSERT INTO jt_movie_member
    Values('111',
           '10138');

INSERT INTO jt_movie_member
    Values('111',
           '10135');

INSERT INTO jt_movie_member
    Values('111',
           '10136');

INSERT INTO jt_movie_member
    Values('111',
           '10137');

/* MEMBER DATA ( Pushed ) */

INSERT INTO member
    VALUES ('10123',
           'Adam Sandler',
           '1966-09-09',
           '1');

INSERT INTO member
    VALUES ('10124',
           'Jennifer Aniston',
           '1969-02-11',
           '1');

INSERT INTO member
    VALUES ('10125',
           'Kyle Newacheck',
           '1984-01-23',
           '2');

INSERT INTO member
    VALUES ('10126',
           'John Bernard',
           '1965-02-18',
           '3');

INSERT INTO member
    VALUES ('10127',
           'David Strathairn',
           '1949-02-26',
           '1');

INSERT INTO member
    VALUES ('10128',
           'Sally Field',
           '1946-11-06',
           '1');

INSERT INTO member
    VALUES ('10129',
           'Steven Spielberg',
           '1946-12-18',
           '2');

INSERT INTO member
    VALUES ('10130',
           'Kathleen Kennedy',
           '1953-06-05',
           '3');

INSERT INTO member
    VALUES ('10131',
           'Josh Cooley',
           '1960-01-01',
           '2');

INSERT INTO member
    VALUES ('10132',
           'Tom Hanks',
           '1956-07-09',
           '1');

INSERT INTO member
    VALUES ('10133',
           'Jonas Rivera',
           '1971-05-02',
           '3');

INSERT INTO member
    VALUES ('10134',
           'Kelly Asbury',
           '1960-01-15',
           '2');

INSERT INTO member
    VALUES ('10135',
           'Mike Myers',
           '1963-05-25',
           '1');

INSERT INTO member
    VALUES ('10136',
           'Eddie Murphy',
           '1961-04-03',
           '1');

INSERT INTO member
    VALUES ('10137',
           'Cameron Diaz',
           '1972-08-30',
           '1');

INSERT INTO member
    VALUES ('10138',
           'Chris Miller',
           '1968-02-20',
           '2');

/* MEMBER TYPE DATA ( Pushed ) */

INSERT INTO movie
    VALUES ('101',
           'Murder Mystery',
           '2019',
           '1h 37m',
           '4.2',
           'images\murderMystery.jpg');

INSERT INTO movie
    values ('102',
           'Lincoln',
           '2012',
           '2h 30m',
           '4.4',
           'images\lincoln.jpg');

INSERT INTO movie
    values ('103',
           'Toy Story 4',
           '2019',
           '1h 40m',
           '4',
           'images\toyStory4.jpg');

INSERT INTO movie
    values ('104',
           'Shrek 2',
           '2004',
           '1h 45m',
           '4.8',
           'images\shrek2.jpg');

INSERT INTO movie
    values ('105',
           'Flight',
           '2012',
           '2h 18m',
           '4.6',
           'images\flight.jpg');

INSERT INTO movie
    values ('106',
           'James Bond: Skyfall',
           '2012',
           '2h 24m',
           '4.6',
           'images\skyfall.jpg');

INSERT INTO movie
    values ('107',
           'Pirates of the Caribbean: Dead Man''s Chest',
           '2006',
           '2h 31m',
           '4.7',
           'images\piratesDMC.jpg');

INSERT INTO movie
    values ('108',
           'Vacation',
           '2015',
           '1h 39m',
           '4.1',
           'images\vacation.jpg');

INSERT INTO movie
    values ('109',
           'The Rundown',
           '2003',
           '1h 45m',
           '3.4',
           'images\rundown.jpg');

INSERT INTO movie
    values ('110',
           'Green Book',
           '2018',
           '1h 39m',
           '4.8',
           'images\greenBook.png');

INSERT INTO movie
    values ('111',
           'Shrek 3',
           '2007',
           '1h 33m',
           '3.2',
           '');

/* MEMBER_TYPE DATA ( Pushed ) */

INSERT INTO member_type
    VALUES ('1',
           'Actor/Actresse',
           'Somebody who appears in front of the camera.');

INSERT INTO member_type
    VALUES ('2',
           'Director',
           'A director is the person who directs the making of a film.');

INSERT INTO member_type
    VALUES ('3',
           'Producer',
           'A film producer creates the conditions for filmmaking.');

INSERT INTO member_type
    VALUES ('4',
           'Director of photography',
           'He is in charge of the look of the "frame" of the movie shots, hence the name "photography". ');